<?xml version="1.0"?>
<opencv_storage>
<!-- Created using Computer Vision Toolbox(tm) for MATLAB(R) -->
<!-- Version 24.1.0.2537033 (R2024a) -->
<!-- Compatible with OpenCV 4.7 -->
<cascade>
  <stageType>BOOST</stageType>
  <featureType>HOG</featureType>
  <height>36</height>
  <width>36</width>
  <stageParams>
    <boostType>GAB</boostType>
    <minHitRate>9.9500000476837158e-01</minHitRate>
    <maxFalseAlarm>4.0000000596046448e-01</maxFalseAlarm>
    <weightTrimRate>9.4999999999999996e-01</weightTrimRate>
    <maxDepth>1</maxDepth>
    <maxWeakCount>100</maxWeakCount></stageParams>
  <featureParams>
    <maxCatCount>0</maxCatCount>
    <featSize>36</featSize></featureParams>
  <stageNum>10</stageNum>
  <stages>
    <!-- stage 0 -->
    <_>
      <maxWeakCount>6</maxWeakCount>
      <stageThreshold>-2.1116805076599121e+00</stageThreshold>
      <weakClassifiers>
        <_>
          <internalNodes>
            0 -1 169 3.9126791059970856e-02</internalNodes>
          <leafValues>
            -8.6003667116165161e-01 3.3703815937042236e-01</leafValues></_>
        <_>
          <internalNodes>
            0 -1 149 3.1971193850040436e-02</internalNodes>
          <leafValues>
            -7.5473642349243164e-01 4.3459793925285339e-01</leafValues></_>
        <_>
          <internalNodes>
            0 -1 145 2.5792296975851059e-02</internalNodes>
          <leafValues>
            -6.8979883193969727e-01 4.4117605686187744e-01</leafValues></_>
        <_>
          <internalNodes>
            0 -1 4 1.9706133753061295e-02</internalNodes>
          <leafValues>
            -7.5271129608154297e-01 4.2576652765274048e-01</leafValues></_>
        <_>
          <internalNodes>
            0 -1 193 2.1686110645532608e-02</internalNodes>
          <leafValues>
            -6.8253922462463379e-01 3.7376073002815247e-01</leafValues></_>
        <_>
          <internalNodes>
            0 -1 127 2.8098456561565399e-02</internalNodes>
          <leafValues>
            -5.1280659437179565e-01 4.3880748748779297e-01</leafValues></_></weakClassifiers></_>
    <!-- stage 1 -->
    <_>
      <maxWeakCount>12</maxWeakCount>
      <stageThreshold>-2.1115746498107910e+00</stageThreshold>
      <weakClassifiers>
        <_>
          <internalNodes>
            0 -1 157 4.1199550032615662e-02</internalNodes>
          <leafValues>
            -8.5404080152511597e-01 -3.1481090933084488e-02</leafValues></_>
        <_>
          <internalNodes>
            0 -1 143 3.8585688918828964e-02</internalNodes>
          <leafValues>
            -6.2492239475250244e-01 3.6643445491790771e-01</leafValues></_>
        <_>
          <internalNodes>
            0 -1 124 2.2543394938111305e-02</internalNodes>
          <leafValues>
            -6.5972864627838135e-01 3.9956939220428467e-01</leafValues></_>
        <_>
          <internalNodes>
            0 -1 120 2.9151286929845810e-02</internalNodes>
          <leafValues>
            -5.9939324855804443e-01 3.4755516052246094e-01</leafValues></_>
        <_>
          <internalNodes>
            0 -1 12 2.9759760946035385e-02</internalNodes>
          <leafValues>
            -4.6134647727012634e-01 4.2925307154655457e-01</leafValues></_>
        <_>
          <internalNodes>
            0 -1 172 2.4070035666227341e-02</internalNodes>
          <leafValues>
            -5.4261690378189087e-01 2.8225621581077576e-01</leafValues></_>
        <_>
          <internalNodes>
            0 -1 4 1.4601370319724083e-02</internalNodes>
          <leafValues>
            -6.8341755867004395e-01 2.4896703660488129e-01</leafValues></_>
        <_>
          <internalNodes>
            0 -1 73 1.6261279582977295e-02</internalNodes>
          <leafValues>
            2.4459248781204224e-01 -5.8089804649353027e-01</leafValues></_>
        <_>
          <internalNodes>
            0 -1 145 2.6696052402257919e-02</internalNodes>
          <leafValues>
            -4.9404770135879517e-01 2.8556355834007263e-01</leafValues></_>
        <_>
          <internalNodes>
            0 -1 160 1.3690844178199768e-02</internalNodes>
          <leafValues>
            -5.6979990005493164e-01 2.2154231369495392e-01</leafValues></_>
        <_>
          <internalNodes>
            0 -1 71 1.2813065201044083e-02</internalNodes>
          <leafValues>
            2.8388354182243347e-01 -4.1152328252792358e-01</leafValues></_>
        <_>
          <internalNodes>
            0 -1 180 1.6230409964919090e-02</internalNodes>
          <leafValues>
            -6.3625103235244751e-01 2.0189478993415833e-01</leafValues></_></weakClassifiers></_>
    <!-- stage 2 -->
    <_>
      <maxWeakCount>15</maxWeakCount>
      <stageThreshold>-2.4154241085052490e+00</stageThreshold>
      <weakClassifiers>
        <_>
          <internalNodes>
            0 -1 157 4.6296283602714539e-02</internalNodes>
          <leafValues>
            -8.2946830987930298e-01 5.3212851285934448e-02</leafValues></_>
        <_>
          <internalNodes>
            0 -1 133 4.8106532543897629e-02</internalNodes>
          <leafValues>
            -5.4478579759597778e-01 4.7309592366218567e-01</leafValues></_>
        <_>
          <internalNodes>
            0 -1 39 4.1699856519699097e-02</internalNodes>
          <leafValues>
            -4.8128610849380493e-01 4.9267840385437012e-01</leafValues></_>
        <_>
          <internalNodes>
            0 -1 141 1.8589686602354050e-02</internalNodes>
          <leafValues>
            3.4216240048408508e-01 -4.6942579746246338e-01</leafValues></_>
        <_>
          <internalNodes>
            0 -1 5 3.1851455569267273e-02</internalNodes>
          <leafValues>
            -4.7747814655303955e-01 3.7390872836112976e-01</leafValues></_>
        <_>
          <internalNodes>
            0 -1 145 3.8070246577262878e-02</internalNodes>
          <leafValues>
            -3.2255902886390686e-01 4.3502199649810791e-01</leafValues></_>
        <_>
          <internalNodes>
            0 -1 128 2.0001968368887901e-02</internalNodes>
          <leafValues>
            -5.9259206056594849e-01 2.0284834504127502e-01</leafValues></_>
        <_>
          <internalNodes>
            0 -1 168 2.1190542727708817e-02</internalNodes>
          <leafValues>
            3.3011329174041748e-01 -4.1342017054557800e-01</leafValues></_>
        <_>
          <internalNodes>
            0 -1 26 1.3943582773208618e-02</internalNodes>
          <leafValues>
            -5.6864070892333984e-01 2.0041623711585999e-01</leafValues></_>
        <_>
          <internalNodes>
            0 -1 92 2.2575255483388901e-02</internalNodes>
          <leafValues>
            -4.1897538304328918e-01 2.8792509436607361e-01</leafValues></_>
        <_>
          <internalNodes>
            0 -1 40 1.3894640840590000e-02</internalNodes>
          <leafValues>
            2.7579921483993530e-01 -4.0491354465484619e-01</leafValues></_>
        <_>
          <internalNodes>
            0 -1 113 1.7970180138945580e-02</internalNodes>
          <leafValues>
            -4.4516786932945251e-01 2.1964260935783386e-01</leafValues></_>
        <_>
          <internalNodes>
            0 -1 120 5.0446100533008575e-02</internalNodes>
          <leafValues>
            -2.6060178875923157e-01 4.5251882076263428e-01</leafValues></_>
        <_>
          <internalNodes>
            0 -1 126 1.4119509607553482e-02</internalNodes>
          <leafValues>
            -5.2448540925979614e-01 2.0675593614578247e-01</leafValues></_>
        <_>
          <internalNodes>
            0 -1 99 1.2899864464998245e-02</internalNodes>
          <leafValues>
            2.3245376348495483e-01 -3.9928722381591797e-01</leafValues></_></weakClassifiers></_>
    <!-- stage 3 -->
    <_>
      <maxWeakCount>22</maxWeakCount>
      <stageThreshold>-2.4076666831970215e+00</stageThreshold>
      <weakClassifiers>
        <_>
          <internalNodes>
            0 -1 120 6.8216830492019653e-02</internalNodes>
          <leafValues>
            -7.5663304328918457e-01 4.8465538769960403e-02</leafValues></_>
        <_>
          <internalNodes>
            0 -1 171 1.4296328648924828e-02</internalNodes>
          <leafValues>
            1.8135821819305420e-01 -6.6856384277343750e-01</leafValues></_>
        <_>
          <internalNodes>
            0 -1 157 2.8018498793244362e-02</internalNodes>
          <leafValues>
            -6.1881113052368164e-01 2.7039358019828796e-01</leafValues></_>
        <_>
          <internalNodes>
            0 -1 127 3.6870390176773071e-02</internalNodes>
          <leafValues>
            -3.6396020650863647e-01 4.6030628681182861e-01</leafValues></_>
        <_>
          <internalNodes>
            0 -1 12 5.2327699959278107e-02</internalNodes>
          <leafValues>
            -3.1007891893386841e-01 4.8908379673957825e-01</leafValues></_>
        <_>
          <internalNodes>
            0 -1 51 1.7734717577695847e-02</internalNodes>
          <leafValues>
            -4.9723401665687561e-01 2.7461984753608704e-01</leafValues></_>
        <_>
          <internalNodes>
            0 -1 133 2.6116132736206055e-02</internalNodes>
          <leafValues>
            -4.6167767047882080e-01 2.7428507804870605e-01</leafValues></_>
        <_>
          <internalNodes>
            0 -1 139 3.2868817448616028e-02</internalNodes>
          <leafValues>
            -3.5900765657424927e-01 3.2981526851654053e-01</leafValues></_>
        <_>
          <internalNodes>
            0 -1 43 1.4796763658523560e-02</internalNodes>
          <leafValues>
            3.2837119698524475e-01 -3.9034512639045715e-01</leafValues></_>
        <_>
          <internalNodes>
            0 -1 164 2.0944880321621895e-02</internalNodes>
          <leafValues>
            1.9712214171886444e-01 -4.6467348933219910e-01</leafValues></_>
        <_>
          <internalNodes>
            0 -1 149 4.4369094073772430e-02</internalNodes>
          <leafValues>
            -2.5427994132041931e-01 3.2901459932327271e-01</leafValues></_>
        <_>
          <internalNodes>
            0 -1 2 2.8791813179850578e-02</internalNodes>
          <leafValues>
            -3.5656437277793884e-01 2.4324660003185272e-01</leafValues></_>
        <_>
          <internalNodes>
            0 -1 173 1.9430506974458694e-02</internalNodes>
          <leafValues>
            -4.8792564868927002e-01 1.7445889115333557e-01</leafValues></_>
        <_>
          <internalNodes>
            0 -1 111 9.3813380226492882e-03</internalNodes>
          <leafValues>
            -5.6905609369277954e-01 1.2250212579965591e-01</leafValues></_>
        <_>
          <internalNodes>
            0 -1 24 1.8578518182039261e-02</internalNodes>
          <leafValues>
            1.6539365053176880e-01 -4.0452077984809875e-01</leafValues></_>
        <_>
          <internalNodes>
            0 -1 170 7.9957023262977600e-03</internalNodes>
          <leafValues>
            -6.6785091161727905e-01 9.8206363618373871e-02</leafValues></_>
        <_>
          <internalNodes>
            0 -1 174 1.6660239547491074e-02</internalNodes>
          <leafValues>
            1.6939374804496765e-01 -3.9453560113906860e-01</leafValues></_>
        <_>
          <internalNodes>
            0 -1 65 1.5286393463611603e-02</internalNodes>
          <leafValues>
            -4.4460618495941162e-01 1.5956664085388184e-01</leafValues></_>
        <_>
          <internalNodes>
            0 -1 35 1.4188976958394051e-02</internalNodes>
          <leafValues>
            2.4329313635826111e-01 -2.7555894851684570e-01</leafValues></_>
        <_>
          <internalNodes>
            0 -1 155 1.1619256809353828e-02</internalNodes>
          <leafValues>
            -6.3337379693984985e-01 9.7027793526649475e-02</leafValues></_>
        <_>
          <internalNodes>
            0 -1 112 1.2730967253446579e-02</internalNodes>
          <leafValues>
            2.6243835687637329e-01 -2.6702809333801270e-01</leafValues></_>
        <_>
          <internalNodes>
            0 -1 44 3.1181212514638901e-02</internalNodes>
          <leafValues>
            -3.0459350347518921e-01 2.1422457695007324e-01</leafValues></_></weakClassifiers></_>
    <!-- stage 4 -->
    <_>
      <maxWeakCount>23</maxWeakCount>
      <stageThreshold>-2.2760255336761475e+00</stageThreshold>
      <weakClassifiers>
        <_>
          <internalNodes>
            0 -1 157 5.6863978505134583e-02</internalNodes>
          <leafValues>
            -7.6821756362915039e-01 -5.8629233390092850e-02</leafValues></_>
        <_>
          <internalNodes>
            0 -1 158 4.2160749435424805e-02</internalNodes>
          <leafValues>
            -5.3090900182723999e-01 2.7087634801864624e-01</leafValues></_>
        <_>
          <internalNodes>
            0 -1 22 1.6174256801605225e-02</internalNodes>
          <leafValues>
            2.8802093863487244e-01 -4.8527342081069946e-01</leafValues></_>
        <_>
          <internalNodes>
            0 -1 18 1.1742331087589264e-02</internalNodes>
          <leafValues>
            3.3763989806175232e-01 -4.1403591632843018e-01</leafValues></_>
        <_>
          <internalNodes>
            0 -1 128 2.9967110604047775e-02</internalNodes>
          <leafValues>
            -3.7890592217445374e-01 3.0506142973899841e-01</leafValues></_>
        <_>
          <internalNodes>
            0 -1 186 1.7780760303139687e-02</internalNodes>
          <leafValues>
            -7.0832729339599609e-01 1.7532880604267120e-01</leafValues></_>
        <_>
          <internalNodes>
            0 -1 39 6.4270094037055969e-02</internalNodes>
          <leafValues>
            -2.4987258017063141e-01 4.6006360650062561e-01</leafValues></_>
        <_>
          <internalNodes>
            0 -1 139 5.0714619457721710e-02</internalNodes>
          <leafValues>
            -2.0458626747131348e-01 4.3603867292404175e-01</leafValues></_>
        <_>
          <internalNodes>
            0 -1 160 2.7202010154724121e-02</internalNodes>
          <leafValues>
            -2.7078622579574585e-01 3.3110013604164124e-01</leafValues></_>
        <_>
          <internalNodes>
            0 -1 6 2.5031777098774910e-02</internalNodes>
          <leafValues>
            -3.2949653267860413e-01 2.5840288400650024e-01</leafValues></_>
        <_>
          <internalNodes>
            0 -1 68 1.1339332908391953e-02</internalNodes>
          <leafValues>
            2.8999024629592896e-01 -2.5123265385627747e-01</leafValues></_>
        <_>
          <internalNodes>
            0 -1 55 1.4148248359560966e-02</internalNodes>
          <leafValues>
            -4.7448152303695679e-01 1.5849393606185913e-01</leafValues></_>
        <_>
          <internalNodes>
            0 -1 129 1.2819269672036171e-02</internalNodes>
          <leafValues>
            2.3399832844734192e-01 -3.0630120635032654e-01</leafValues></_>
        <_>
          <internalNodes>
            0 -1 102 2.3246787488460541e-02</internalNodes>
          <leafValues>
            1.3689498603343964e-01 -4.7779306769371033e-01</leafValues></_>
        <_>
          <internalNodes>
            0 -1 79 2.0735688507556915e-02</internalNodes>
          <leafValues>
            -4.1055580973625183e-01 2.3211546242237091e-01</leafValues></_>
        <_>
          <internalNodes>
            0 -1 40 1.1940116062760353e-02</internalNodes>
          <leafValues>
            2.0786032080650330e-01 -3.2074910402297974e-01</leafValues></_>
        <_>
          <internalNodes>
            0 -1 185 1.6113987192511559e-02</internalNodes>
          <leafValues>
            -6.2715542316436768e-01 1.1961220949888229e-01</leafValues></_>
        <_>
          <internalNodes>
            0 -1 48 1.3827957212924957e-02</internalNodes>
          <leafValues>
            -5.0558418035507202e-01 1.2316394597291946e-01</leafValues></_>
        <_>
          <internalNodes>
            0 -1 12 6.7050956189632416e-02</internalNodes>
          <leafValues>
            -1.7121504247188568e-01 4.2783012986183167e-01</leafValues></_>
        <_>
          <internalNodes>
            0 -1 71 2.2327207028865814e-02</internalNodes>
          <leafValues>
            1.4504767954349518e-01 -4.0858289599418640e-01</leafValues></_>
        <_>
          <internalNodes>
            0 -1 27 1.0237940587103367e-02</internalNodes>
          <leafValues>
            -5.3212696313858032e-01 1.0364493727684021e-01</leafValues></_>
        <_>
          <internalNodes>
            0 -1 148 2.2705718874931335e-02</internalNodes>
          <leafValues>
            1.6370588541030884e-01 -3.2919353246688843e-01</leafValues></_>
        <_>
          <internalNodes>
            0 -1 95 1.8563732504844666e-02</internalNodes>
          <leafValues>
            1.6922721266746521e-01 -3.1232303380966187e-01</leafValues></_></weakClassifiers></_>
    <!-- stage 5 -->
    <_>
      <maxWeakCount>29</maxWeakCount>
      <stageThreshold>-2.2604064941406250e+00</stageThreshold>
      <weakClassifiers>
        <_>
          <internalNodes>
            0 -1 176 3.9240919053554535e-02</internalNodes>
          <leafValues>
            -7.9608178138732910e-01 -1.5781648457050323e-01</leafValues></_>
        <_>
          <internalNodes>
            0 -1 145 4.8697657883167267e-02</internalNodes>
          <leafValues>
            -4.6464979648590088e-01 3.4472951292991638e-01</leafValues></_>
        <_>
          <internalNodes>
            0 -1 149 3.5783573985099792e-02</internalNodes>
          <leafValues>
            -4.5829316973686218e-01 3.0088412761688232e-01</leafValues></_>
        <_>
          <internalNodes>
            0 -1 94 4.8146214336156845e-02</internalNodes>
          <leafValues>
            -3.0024763941764832e-01 4.1117012500762939e-01</leafValues></_>
        <_>
          <internalNodes>
            0 -1 5 4.2153321206569672e-02</internalNodes>
          <leafValues>
            -2.5369828939437866e-01 4.0798699855804443e-01</leafValues></_>
        <_>
          <internalNodes>
            0 -1 131 4.2678564786911011e-02</internalNodes>
          <leafValues>
            -2.6048246026039124e-01 3.5332104563713074e-01</leafValues></_>
        <_>
          <internalNodes>
            0 -1 130 1.3514671474695206e-02</internalNodes>
          <leafValues>
            -5.1297998428344727e-01 1.9330681860446930e-01</leafValues></_>
        <_>
          <internalNodes>
            0 -1 168 1.8570207059383392e-02</internalNodes>
          <leafValues>
            2.3695899546146393e-01 -3.5839250683784485e-01</leafValues></_>
        <_>
          <internalNodes>
            0 -1 92 2.7811393141746521e-02</internalNodes>
          <leafValues>
            -3.0160942673683167e-01 2.6390039920806885e-01</leafValues></_>
        <_>
          <internalNodes>
            0 -1 26 1.3943481259047985e-02</internalNodes>
          <leafValues>
            -5.1811379194259644e-01 1.4574104547500610e-01</leafValues></_>
        <_>
          <internalNodes>
            0 -1 20 4.6978160738945007e-02</internalNodes>
          <leafValues>
            -1.7073477804660797e-01 5.0513511896133423e-01</leafValues></_>
        <_>
          <internalNodes>
            0 -1 19 1.1598668992519379e-02</internalNodes>
          <leafValues>
            1.9488213956356049e-01 -3.5308897495269775e-01</leafValues></_>
        <_>
          <internalNodes>
            0 -1 127 1.4262474142014980e-02</internalNodes>
          <leafValues>
            -5.7100695371627808e-01 1.1716397851705551e-01</leafValues></_>
        <_>
          <internalNodes>
            0 -1 157 1.6470763832330704e-02</internalNodes>
          <leafValues>
            -6.3135361671447754e-01 9.2795096337795258e-02</leafValues></_>
        <_>
          <internalNodes>
            0 -1 175 1.2079272419214249e-02</internalNodes>
          <leafValues>
            2.0739878714084625e-01 -3.1519061326980591e-01</leafValues></_>
        <_>
          <internalNodes>
            0 -1 159 1.3395627960562706e-02</internalNodes>
          <leafValues>
            -5.3543823957443237e-01 1.0213857144117355e-01</leafValues></_>
        <_>
          <internalNodes>
            0 -1 147 1.8054326996207237e-02</internalNodes>
          <leafValues>
            1.6830182075500488e-01 -3.3891752362251282e-01</leafValues></_>
        <_>
          <internalNodes>
            0 -1 46 2.1662754938006401e-02</internalNodes>
          <leafValues>
            1.6260515153408051e-01 -3.8448667526245117e-01</leafValues></_>
        <_>
          <internalNodes>
            0 -1 28 8.3100982010364532e-03</internalNodes>
          <leafValues>
            -5.8436584472656250e-01 9.8157353699207306e-02</leafValues></_>
        <_>
          <internalNodes>
            0 -1 161 3.1176913529634476e-02</internalNodes>
          <leafValues>
            -2.9927483201026917e-01 2.0320571959018707e-01</leafValues></_>
        <_>
          <internalNodes>
            0 -1 56 1.4496410265564919e-02</internalNodes>
          <leafValues>
            -4.4830119609832764e-01 1.2293534725904465e-01</leafValues></_>
        <_>
          <internalNodes>
            0 -1 143 3.1609274446964264e-02</internalNodes>
          <leafValues>
            -3.1801062822341919e-01 1.8219892680644989e-01</leafValues></_>
        <_>
          <internalNodes>
            0 -1 117 1.6847319900989532e-02</internalNodes>
          <leafValues>
            1.6680593788623810e-01 -3.0276888608932495e-01</leafValues></_>
        <_>
          <internalNodes>
            0 -1 126 6.8655880168080330e-03</internalNodes>
          <leafValues>
            -7.1663385629653931e-01 7.2909370064735413e-02</leafValues></_>
        <_>
          <internalNodes>
            0 -1 88 2.3359395563602448e-02</internalNodes>
          <leafValues>
            -2.1304893493652344e-01 1.9157621264457703e-01</leafValues></_>
        <_>
          <internalNodes>
            0 -1 30 1.9110307097434998e-02</internalNodes>
          <leafValues>
            1.6132301092147827e-01 -2.7210408449172974e-01</leafValues></_>
        <_>
          <internalNodes>
            0 -1 113 8.7838098406791687e-03</internalNodes>
          <leafValues>
            -5.9645634889602661e-01 6.9683991372585297e-02</leafValues></_>
        <_>
          <internalNodes>
            0 -1 123 1.4355642721056938e-02</internalNodes>
          <leafValues>
            1.9866035878658295e-01 -2.1160182356834412e-01</leafValues></_>
        <_>
          <internalNodes>
            0 -1 170 1.4266856014728546e-02</internalNodes>
          <leafValues>
            -4.1690969467163086e-01 1.0277876257896423e-01</leafValues></_></weakClassifiers></_>
    <!-- stage 6 -->
    <_>
      <maxWeakCount>37</maxWeakCount>
      <stageThreshold>-2.3213784694671631e+00</stageThreshold>
      <weakClassifiers>
        <_>
          <internalNodes>
            0 -1 174 7.9325241968035698e-03</internalNodes>
          <leafValues>
            -1.7350025475025177e-01 -7.9406601190567017e-01</leafValues></_>
        <_>
          <internalNodes>
            0 -1 64 4.4231988489627838e-02</internalNodes>
          <leafValues>
            -5.0641471147537231e-01 2.5165581703186035e-01</leafValues></_>
        <_>
          <internalNodes>
            0 -1 171 1.0857613757252693e-02</internalNodes>
          <leafValues>
            3.3419901132583618e-01 -4.4092375040054321e-01</leafValues></_>
        <_>
          <internalNodes>
            0 -1 80 3.2888136804103851e-02</internalNodes>
          <leafValues>
            -3.6655482649803162e-01 3.0590289831161499e-01</leafValues></_>
        <_>
          <internalNodes>
            0 -1 133 6.5112724900245667e-02</internalNodes>
          <leafValues>
            -1.6466341912746429e-01 5.1208388805389404e-01</leafValues></_>
        <_>
          <internalNodes>
            0 -1 157 3.8813784718513489e-02</internalNodes>
          <leafValues>
            -3.5085347294807434e-01 2.9316580295562744e-01</leafValues></_>
        <_>
          <internalNodes>
            0 -1 6 1.4472080394625664e-02</internalNodes>
          <leafValues>
            -5.3249388933181763e-01 1.4484760165214539e-01</leafValues></_>
        <_>
          <internalNodes>
            0 -1 139 3.5392731428146362e-02</internalNodes>
          <leafValues>
            -3.2357311248779297e-01 2.2622470557689667e-01</leafValues></_>
        <_>
          <internalNodes>
            0 -1 40 1.4110239222645760e-02</internalNodes>
          <leafValues>
            2.2210887074470520e-01 -3.5666754841804504e-01</leafValues></_>
        <_>
          <internalNodes>
            0 -1 158 3.4839868545532227e-02</internalNodes>
          <leafValues>
            -3.6077472567558289e-01 2.1004886925220490e-01</leafValues></_>
        <_>
          <internalNodes>
            0 -1 67 2.0702686160802841e-02</internalNodes>
          <leafValues>
            2.2810524702072144e-01 -3.0279722809791565e-01</leafValues></_>
        <_>
          <internalNodes>
            0 -1 107 2.2743418812751770e-02</internalNodes>
          <leafValues>
            -3.0738005042076111e-01 2.0787517726421356e-01</leafValues></_>
        <_>
          <internalNodes>
            0 -1 4 3.6969043314456940e-02</internalNodes>
          <leafValues>
            -2.3177696764469147e-01 2.6394972205162048e-01</leafValues></_>
        <_>
          <internalNodes>
            0 -1 187 2.4872992187738419e-02</internalNodes>
          <leafValues>
            -3.9816218614578247e-01 1.5343178808689117e-01</leafValues></_>
        <_>
          <internalNodes>
            0 -1 176 1.4140265062451363e-02</internalNodes>
          <leafValues>
            -5.1846837997436523e-01 1.0575748980045319e-01</leafValues></_>
        <_>
          <internalNodes>
            0 -1 71 1.3723159208893776e-02</internalNodes>
          <leafValues>
            1.8610158562660217e-01 -3.1077054142951965e-01</leafValues></_>
        <_>
          <internalNodes>
            0 -1 24 2.7697183191776276e-02</internalNodes>
          <leafValues>
            8.4584228694438934e-02 -5.4619842767715454e-01</leafValues></_>
        <_>
          <internalNodes>
            0 -1 152 2.1682986989617348e-02</internalNodes>
          <leafValues>
            -2.9842084646224976e-01 1.6763287782669067e-01</leafValues></_>
        <_>
          <internalNodes>
            0 -1 53 3.6045335233211517e-02</internalNodes>
          <leafValues>
            1.1424010246992111e-01 -4.2155882716178894e-01</leafValues></_>
        <_>
          <internalNodes>
            0 -1 191 1.2461023405194283e-02</internalNodes>
          <leafValues>
            -7.3193335533142090e-01 5.8934342116117477e-02</leafValues></_>
        <_>
          <internalNodes>
            0 -1 126 3.5152763128280640e-02</internalNodes>
          <leafValues>
            -1.6462369263172150e-01 2.4567306041717529e-01</leafValues></_>
        <_>
          <internalNodes>
            0 -1 42 6.3565403223037720e-02</internalNodes>
          <leafValues>
            -8.3217136561870575e-02 4.7295370697975159e-01</leafValues></_>
        <_>
          <internalNodes>
            0 -1 103 2.4327952414751053e-02</internalNodes>
          <leafValues>
            1.2758317589759827e-01 -3.5511508584022522e-01</leafValues></_>
        <_>
          <internalNodes>
            0 -1 75 2.1900355815887451e-02</internalNodes>
          <leafValues>
            -3.7591919302940369e-01 1.0999660193920135e-01</leafValues></_>
        <_>
          <internalNodes>
            0 -1 35 1.7479991540312767e-02</internalNodes>
          <leafValues>
            1.6080361604690552e-01 -2.8104665875434875e-01</leafValues></_>
        <_>
          <internalNodes>
            0 -1 114 1.6653105616569519e-02</internalNodes>
          <leafValues>
            -3.6001992225646973e-01 1.0918395221233368e-01</leafValues></_>
        <_>
          <internalNodes>
            0 -1 116 7.4822612106800079e-02</internalNodes>
          <leafValues>
            -1.0999274253845215e-01 3.8344946503639221e-01</leafValues></_>
        <_>
          <internalNodes>
            0 -1 44 2.8433453291654587e-02</internalNodes>
          <leafValues>
            -2.8489446640014648e-01 1.5433278679847717e-01</leafValues></_>
        <_>
          <internalNodes>
            0 -1 153 1.8742006272077560e-02</internalNodes>
          <leafValues>
            -3.2376605272293091e-01 1.2331485003232956e-01</leafValues></_>
        <_>
          <internalNodes>
            0 -1 23 1.5747595578432083e-02</internalNodes>
          <leafValues>
            1.8139617145061493e-01 -2.0902334153652191e-01</leafValues></_>
        <_>
          <internalNodes>
            0 -1 13 4.8965800553560257e-02</internalNodes>
          <leafValues>
            -7.3690757155418396e-02 5.1801127195358276e-01</leafValues></_>
        <_>
          <internalNodes>
            0 -1 183 1.1448931880295277e-02</internalNodes>
          <leafValues>
            -5.8506566286087036e-01 7.1855969727039337e-02</leafValues></_>
        <_>
          <internalNodes>
            0 -1 16 1.7887990921735764e-02</internalNodes>
          <leafValues>
            1.4032970368862152e-01 -2.4602918326854706e-01</leafValues></_>
        <_>
          <internalNodes>
            0 -1 66 3.1095724552869797e-02</internalNodes>
          <leafValues>
            -1.5861709415912628e-01 2.1433433890342712e-01</leafValues></_>
        <_>
          <internalNodes>
            0 -1 84 2.6968039572238922e-02</internalNodes>
          <leafValues>
            1.1748775839805603e-01 -3.3600929379463196e-01</leafValues></_>
        <_>
          <internalNodes>
            0 -1 125 2.0516958087682724e-02</internalNodes>
          <leafValues>
            1.9862887263298035e-01 -1.7410102486610413e-01</leafValues></_>
        <_>
          <internalNodes>
            0 -1 105 1.6166251152753830e-02</internalNodes>
          <leafValues>
            -3.0646836757659912e-01 1.0220088064670563e-01</leafValues></_></weakClassifiers></_>
    <!-- stage 7 -->
    <_>
      <maxWeakCount>51</maxWeakCount>
      <stageThreshold>-2.3347835540771484e+00</stageThreshold>
      <weakClassifiers>
        <_>
          <internalNodes>
            0 -1 104 6.7790508270263672e-02</internalNodes>
          <leafValues>
            -7.2493702173233032e-01 -1.6427525877952576e-01</leafValues></_>
        <_>
          <internalNodes>
            0 -1 94 3.7411399185657501e-02</internalNodes>
          <leafValues>
            -4.7986805438995361e-01 1.3790987432003021e-01</leafValues></_>
        <_>
          <internalNodes>
            0 -1 140 1.9232284277677536e-02</internalNodes>
          <leafValues>
            1.9175361096858978e-01 -4.6499964594841003e-01</leafValues></_>
        <_>
          <internalNodes>
            0 -1 50 3.9934553205966949e-02</internalNodes>
          <leafValues>
            -2.6845830678939819e-01 3.3752837777137756e-01</leafValues></_>
        <_>
          <internalNodes>
            0 -1 174 1.2765830382704735e-02</internalNodes>
          <leafValues>
            1.7806501686573029e-01 -4.1828495264053345e-01</leafValues></_>
        <_>
          <internalNodes>
            0 -1 169 3.0314017087221146e-02</internalNodes>
          <leafValues>
            -3.8443914055824280e-01 2.1018916368484497e-01</leafValues></_>
        <_>
          <internalNodes>
            0 -1 126 1.7838047817349434e-02</internalNodes>
          <leafValues>
            -4.5632776618003845e-01 1.7203883826732635e-01</leafValues></_>
        <_>
          <internalNodes>
            0 -1 39 4.1606836020946503e-02</internalNodes>
          <leafValues>
            -3.3048257231712341e-01 2.2830238938331604e-01</leafValues></_>
        <_>
          <internalNodes>
            0 -1 171 1.9072700291872025e-02</internalNodes>
          <leafValues>
            1.3699710369110107e-01 -4.9583822488784790e-01</leafValues></_>
        <_>
          <internalNodes>
            0 -1 193 2.1802701056003571e-02</internalNodes>
          <leafValues>
            -5.0533062219619751e-01 1.0878544300794601e-01</leafValues></_>
        <_>
          <internalNodes>
            0 -1 163 1.7829474061727524e-02</internalNodes>
          <leafValues>
            -4.0954929590225220e-01 1.4435119926929474e-01</leafValues></_>
        <_>
          <internalNodes>
            0 -1 92 1.7963495105504990e-02</internalNodes>
          <leafValues>
            -4.0670430660247803e-01 1.2300569564104080e-01</leafValues></_>
        <_>
          <internalNodes>
            0 -1 77 2.3506736382842064e-02</internalNodes>
          <leafValues>
            -2.8957298398017883e-01 1.8761986494064331e-01</leafValues></_>
        <_>
          <internalNodes>
            0 -1 4 1.6000911593437195e-02</internalNodes>
          <leafValues>
            -5.0608164072036743e-01 1.1466012895107269e-01</leafValues></_>
        <_>
          <internalNodes>
            0 -1 17 3.1269460916519165e-02</internalNodes>
          <leafValues>
            -3.0334219336509705e-01 2.0174920558929443e-01</leafValues></_>
        <_>
          <internalNodes>
            0 -1 72 1.3431029394268990e-02</internalNodes>
          <leafValues>
            1.8223029375076294e-01 -2.7000415325164795e-01</leafValues></_>
        <_>
          <internalNodes>
            0 -1 97 9.8550645634531975e-03</internalNodes>
          <leafValues>
            2.4225080013275146e-01 -1.9390848278999329e-01</leafValues></_>
        <_>
          <internalNodes>
            0 -1 181 1.8986094743013382e-02</internalNodes>
          <leafValues>
            -4.4101136922836304e-01 1.0357935726642609e-01</leafValues></_>
        <_>
          <internalNodes>
            0 -1 63 1.7911685630679131e-02</internalNodes>
          <leafValues>
            1.7932528257369995e-01 -2.5313994288444519e-01</leafValues></_>
        <_>
          <internalNodes>
            0 -1 157 2.4969749152660370e-02</internalNodes>
          <leafValues>
            -3.8583511114120483e-01 1.1551783233880997e-01</leafValues></_>
        <_>
          <internalNodes>
            0 -1 127 3.0414249747991562e-02</internalNodes>
          <leafValues>
            -2.6701587438583374e-01 1.8446467816829681e-01</leafValues></_>
        <_>
          <internalNodes>
            0 -1 158 6.1731845140457153e-02</internalNodes>
          <leafValues>
            -1.3352678716182709e-01 3.4614485502243042e-01</leafValues></_>
        <_>
          <internalNodes>
            0 -1 31 1.1713437736034393e-02</internalNodes>
          <leafValues>
            -3.5287383198738098e-01 1.2174983322620392e-01</leafValues></_>
        <_>
          <internalNodes>
            0 -1 52 2.6757251471281052e-02</internalNodes>
          <leafValues>
            1.0810439288616180e-01 -3.7898483872413635e-01</leafValues></_>
        <_>
          <internalNodes>
            0 -1 138 4.1664242744445801e-02</internalNodes>
          <leafValues>
            -8.4625132381916046e-02 4.8099395632743835e-01</leafValues></_>
        <_>
          <internalNodes>
            0 -1 57 4.7487288713455200e-02</internalNodes>
          <leafValues>
            6.7050255835056305e-02 -6.1048418283462524e-01</leafValues></_>
        <_>
          <internalNodes>
            0 -1 118 4.5113671571016312e-02</internalNodes>
          <leafValues>
            -1.0885906219482422e-01 3.4382629394531250e-01</leafValues></_>
        <_>
          <internalNodes>
            0 -1 156 3.3062864094972610e-02</internalNodes>
          <leafValues>
            8.4073588252067566e-02 -4.3595328927040100e-01</leafValues></_>
        <_>
          <internalNodes>
            0 -1 151 2.4720065295696259e-02</internalNodes>
          <leafValues>
            1.0362087190151215e-01 -3.0324125289916992e-01</leafValues></_>
        <_>
          <internalNodes>
            0 -1 51 9.3731377273797989e-03</internalNodes>
          <leafValues>
            -5.0405144691467285e-01 5.3818173706531525e-02</leafValues></_>
        <_>
          <internalNodes>
            0 -1 85 6.4902059733867645e-02</internalNodes>
          <leafValues>
            4.9023620784282684e-02 -5.7841181755065918e-01</leafValues></_>
        <_>
          <internalNodes>
            0 -1 127 6.4250953495502472e-02</internalNodes>
          <leafValues>
            -9.3941666185855865e-02 4.0485650300979614e-01</leafValues></_>
        <_>
          <internalNodes>
            0 -1 23 1.8233589828014374e-02</internalNodes>
          <leafValues>
            1.4497481286525726e-01 -2.1003335714340210e-01</leafValues></_>
        <_>
          <internalNodes>
            0 -1 70 8.0864429473876953e-02</internalNodes>
          <leafValues>
            -6.2195178121328354e-02 5.4018753767013550e-01</leafValues></_>
        <_>
          <internalNodes>
            0 -1 196 1.4660060405731201e-02</internalNodes>
          <leafValues>
            -5.2283048629760742e-01 6.4120456576347351e-02</leafValues></_>
        <_>
          <internalNodes>
            0 -1 10 4.4419724494218826e-02</internalNodes>
          <leafValues>
            -7.1272127330303192e-02 4.4325101375579834e-01</leafValues></_>
        <_>
          <internalNodes>
            0 -1 95 1.5390975400805473e-02</internalNodes>
          <leafValues>
            1.3668702542781830e-01 -2.1662920713424683e-01</leafValues></_>
        <_>
          <internalNodes>
            0 -1 170 7.1172923780977726e-03</internalNodes>
          <leafValues>
            -6.2959837913513184e-01 4.6260166913270950e-02</leafValues></_>
        <_>
          <internalNodes>
            0 -1 98 7.4017439037561417e-03</internalNodes>
          <leafValues>
            2.0245088636875153e-01 -1.7145699262619019e-01</leafValues></_>
        <_>
          <internalNodes>
            0 -1 8 1.8106834962964058e-02</internalNodes>
          <leafValues>
            -2.7546924352645874e-01 1.1701159924268723e-01</leafValues></_>
        <_>
          <internalNodes>
            0 -1 36 8.1969439983367920e-02</internalNodes>
          <leafValues>
            -9.0271197259426117e-02 3.5769891738891602e-01</leafValues></_>
        <_>
          <internalNodes>
            0 -1 34 4.2427867650985718e-02</internalNodes>
          <leafValues>
            -1.1821452528238297e-01 3.0767175555229187e-01</leafValues></_>
        <_>
          <internalNodes>
            0 -1 102 2.7209203690290451e-02</internalNodes>
          <leafValues>
            7.0792697370052338e-02 -4.3534767627716064e-01</leafValues></_>
        <_>
          <internalNodes>
            0 -1 150 2.9198095202445984e-02</internalNodes>
          <leafValues>
            1.1511405557394028e-01 -2.6103141903877258e-01</leafValues></_>
        <_>
          <internalNodes>
            0 -1 75 3.3940263092517853e-02</internalNodes>
          <leafValues>
            -1.9857530295848846e-01 1.5118603408336639e-01</leafValues></_>
        <_>
          <internalNodes>
            0 -1 121 1.2779736891388893e-02</internalNodes>
          <leafValues>
            1.6134475171566010e-01 -2.0173329114913940e-01</leafValues></_>
        <_>
          <internalNodes>
            0 -1 58 2.7716312557458878e-02</internalNodes>
          <leafValues>
            -1.7915238440036774e-01 1.7452640831470490e-01</leafValues></_>
        <_>
          <internalNodes>
            0 -1 190 9.1670416295528412e-03</internalNodes>
          <leafValues>
            -7.4913924932479858e-01 4.0883403271436691e-02</leafValues></_>
        <_>
          <internalNodes>
            0 -1 45 3.3114846795797348e-02</internalNodes>
          <leafValues>
            -1.5186341106891632e-01 1.8662409484386444e-01</leafValues></_>
        <_>
          <internalNodes>
            0 -1 176 4.0300823748111725e-03</internalNodes>
          <leafValues>
            -7.3031532764434814e-01 3.6315601319074631e-02</leafValues></_>
        <_>
          <internalNodes>
            0 -1 69 1.3300135731697083e-02</internalNodes>
          <leafValues>
            1.4177170395851135e-01 -1.7797821760177612e-01</leafValues></_></weakClassifiers></_>
    <!-- stage 8 -->
    <_>
      <maxWeakCount>59</maxWeakCount>
      <stageThreshold>-1.8512338399887085e+00</stageThreshold>
      <weakClassifiers>
        <_>
          <internalNodes>
            0 -1 145 5.8960106223821640e-02</internalNodes>
          <leafValues>
            -4.9675008654594421e-01 1.5984703600406647e-01</leafValues></_>
        <_>
          <internalNodes>
            0 -1 64 5.7674054056406021e-02</internalNodes>
          <leafValues>
            -2.6669150590896606e-01 3.2988217473030090e-01</leafValues></_>
        <_>
          <internalNodes>
            0 -1 4 2.6746861636638641e-02</internalNodes>
          <leafValues>
            -3.9612984657287598e-01 2.0684643089771271e-01</leafValues></_>
        <_>
          <internalNodes>
            0 -1 99 6.8515660241246223e-03</internalNodes>
          <leafValues>
            2.5004363059997559e-01 -3.1534954905509949e-01</leafValues></_>
        <_>
          <internalNodes>
            0 -1 116 3.5115025937557220e-02</internalNodes>
          <leafValues>
            -3.3291971683502197e-01 2.2055198252201080e-01</leafValues></_>
        <_>
          <internalNodes>
            0 -1 74 1.9456736743450165e-02</internalNodes>
          <leafValues>
            -4.8740187287330627e-01 1.5721020102500916e-01</leafValues></_>
        <_>
          <internalNodes>
            0 -1 157 4.3442599475383759e-02</internalNodes>
          <leafValues>
            -3.1075423955917358e-01 1.9075655937194824e-01</leafValues></_>
        <_>
          <internalNodes>
            0 -1 132 1.9625684246420860e-02</internalNodes>
          <leafValues>
            1.8292860686779022e-01 -3.2214701175689697e-01</leafValues></_>
        <_>
          <internalNodes>
            0 -1 72 1.9815698266029358e-02</internalNodes>
          <leafValues>
            1.4668895304203033e-01 -3.8008487224578857e-01</leafValues></_>
        <_>
          <internalNodes>
            0 -1 77 1.2082433328032494e-02</internalNodes>
          <leafValues>
            -5.4372507333755493e-01 9.2075444757938385e-02</leafValues></_>
        <_>
          <internalNodes>
            0 -1 0 1.3172660954296589e-02</internalNodes>
          <leafValues>
            1.6290517151355743e-01 -2.9963493347167969e-01</leafValues></_>
        <_>
          <internalNodes>
            0 -1 65 2.4386491626501083e-02</internalNodes>
          <leafValues>
            -3.0908170342445374e-01 1.4227244257926941e-01</leafValues></_>
        <_>
          <internalNodes>
            0 -1 149 4.4543992727994919e-02</internalNodes>
          <leafValues>
            -2.1272091567516327e-01 2.2691805660724640e-01</leafValues></_>
        <_>
          <internalNodes>
            0 -1 62 2.5714686140418053e-02</internalNodes>
          <leafValues>
            -2.1476636826992035e-01 2.5125759840011597e-01</leafValues></_>
        <_>
          <internalNodes>
            0 -1 5 3.1896412372589111e-02</internalNodes>
          <leafValues>
            -2.5989186763763428e-01 1.5097548067569733e-01</leafValues></_>
        <_>
          <internalNodes>
            0 -1 185 2.2168440744280815e-02</internalNodes>
          <leafValues>
            -4.0512832999229431e-01 1.1194521933794022e-01</leafValues></_>
        <_>
          <internalNodes>
            0 -1 27 1.2404933571815491e-02</internalNodes>
          <leafValues>
            -4.0399098396301270e-01 8.8643915951251984e-02</leafValues></_>
        <_>
          <internalNodes>
            0 -1 40 1.6917930915951729e-02</internalNodes>
          <leafValues>
            1.1614698916673660e-01 -3.4050229191780090e-01</leafValues></_>
        <_>
          <internalNodes>
            0 -1 176 1.3444654643535614e-02</internalNodes>
          <leafValues>
            -4.7678127884864807e-01 7.7491365373134613e-02</leafValues></_>
        <_>
          <internalNodes>
            0 -1 182 3.3999368548393250e-02</internalNodes>
          <leafValues>
            -2.3907324671745300e-01 1.5474669635295868e-01</leafValues></_>
        <_>
          <internalNodes>
            0 -1 133 2.1817153319716454e-02</internalNodes>
          <leafValues>
            -3.6446204781532288e-01 9.8777405917644501e-02</leafValues></_>
        <_>
          <internalNodes>
            0 -1 32 2.9696550220251083e-02</internalNodes>
          <leafValues>
            -1.4145247638225555e-01 2.5446516275405884e-01</leafValues></_>
        <_>
          <internalNodes>
            0 -1 29 8.4409266710281372e-03</internalNodes>
          <leafValues>
            -4.3580430746078491e-01 8.0435946583747864e-02</leafValues></_>
        <_>
          <internalNodes>
            0 -1 21 1.0884089395403862e-02</internalNodes>
          <leafValues>
            1.6783547401428223e-01 -2.2029274702072144e-01</leafValues></_>
        <_>
          <internalNodes>
            0 -1 137 1.0974699631333351e-02</internalNodes>
          <leafValues>
            2.0843869447708130e-01 -1.5862612426280975e-01</leafValues></_>
        <_>
          <internalNodes>
            0 -1 83 2.7786925435066223e-02</internalNodes>
          <leafValues>
            1.2265713512897491e-01 -2.6805058121681213e-01</leafValues></_>
        <_>
          <internalNodes>
            0 -1 92 1.4247179031372070e-02</internalNodes>
          <leafValues>
            -3.9019912481307983e-01 7.7500313520431519e-02</leafValues></_>
        <_>
          <internalNodes>
            0 -1 122 1.8005359917879105e-02</internalNodes>
          <leafValues>
            1.1677862703800201e-01 -2.6874342560768127e-01</leafValues></_>
        <_>
          <internalNodes>
            0 -1 79 1.4236725866794586e-02</internalNodes>
          <leafValues>
            -3.8028702139854431e-01 8.8925637304782867e-02</leafValues></_>
        <_>
          <internalNodes>
            0 -1 94 7.0858404040336609e-02</internalNodes>
          <leafValues>
            -1.0606540739536285e-01 2.8198808431625366e-01</leafValues></_>
        <_>
          <internalNodes>
            0 -1 6 4.3910183012485504e-02</internalNodes>
          <leafValues>
            -9.7985245287418365e-02 2.9392227530479431e-01</leafValues></_>
        <_>
          <internalNodes>
            0 -1 24 2.4215569719672203e-02</internalNodes>
          <leafValues>
            7.9103559255599976e-02 -4.0340945124626160e-01</leafValues></_>
        <_>
          <internalNodes>
            0 -1 7 4.7885298728942871e-02</internalNodes>
          <leafValues>
            -1.1896596103906631e-01 2.6271572709083557e-01</leafValues></_>
        <_>
          <internalNodes>
            0 -1 8 1.2823979370296001e-02</internalNodes>
          <leafValues>
            -3.8599732518196106e-01 7.7927194535732269e-02</leafValues></_>
        <_>
          <internalNodes>
            0 -1 13 4.8951640725135803e-02</internalNodes>
          <leafValues>
            -6.7873775959014893e-02 4.3246936798095703e-01</leafValues></_>
        <_>
          <internalNodes>
            0 -1 15 1.3000473380088806e-02</internalNodes>
          <leafValues>
            1.7186298966407776e-01 -1.9079519808292389e-01</leafValues></_>
        <_>
          <internalNodes>
            0 -1 81 2.8803154826164246e-02</internalNodes>
          <leafValues>
            -2.3457123339176178e-01 1.2504023313522339e-01</leafValues></_>
        <_>
          <internalNodes>
            0 -1 106 2.8373841196298599e-02</internalNodes>
          <leafValues>
            -1.8367291986942291e-01 1.9103756546974182e-01</leafValues></_>
        <_>
          <internalNodes>
            0 -1 86 4.3670997023582458e-02</internalNodes>
          <leafValues>
            6.0009911656379700e-02 -4.6352434158325195e-01</leafValues></_>
        <_>
          <internalNodes>
            0 -1 70 5.8240413665771484e-02</internalNodes>
          <leafValues>
            -7.9656764864921570e-02 3.3451300859451294e-01</leafValues></_>
        <_>
          <internalNodes>
            0 -1 6 1.3159503228962421e-02</internalNodes>
          <leafValues>
            -3.3948567509651184e-01 7.4013806879520416e-02</leafValues></_>
        <_>
          <internalNodes>
            0 -1 164 2.4160921573638916e-02</internalNodes>
          <leafValues>
            7.6525047421455383e-02 -3.3302661776542664e-01</leafValues></_>
        <_>
          <internalNodes>
            0 -1 101 1.7453955486416817e-02</internalNodes>
          <leafValues>
            1.3200066983699799e-01 -1.9703657925128937e-01</leafValues></_>
        <_>
          <internalNodes>
            0 -1 195 2.0389296114444733e-02</internalNodes>
          <leafValues>
            2.2429165244102478e-01 -1.1986484378576279e-01</leafValues></_>
        <_>
          <internalNodes>
            0 -1 37 5.6872409768402576e-03</internalNodes>
          <leafValues>
            -5.1515483856201172e-01 4.8588596284389496e-02</leafValues></_>
        <_>
          <internalNodes>
            0 -1 41 8.9204441756010056e-03</internalNodes>
          <leafValues>
            1.5295846760272980e-01 -1.5354488790035248e-01</leafValues></_>
        <_>
          <internalNodes>
            0 -1 179 8.4926048293709755e-03</internalNodes>
          <leafValues>
            -6.2724602222442627e-01 3.9328843355178833e-02</leafValues></_>
        <_>
          <internalNodes>
            0 -1 87 9.5240809023380280e-03</internalNodes>
          <leafValues>
            -4.3158122897148132e-01 4.6036951243877411e-02</leafValues></_>
        <_>
          <internalNodes>
            0 -1 89 7.5920715928077698e-02</internalNodes>
          <leafValues>
            -6.6923730075359344e-02 3.7991541624069214e-01</leafValues></_>
        <_>
          <internalNodes>
            0 -1 189 2.4180375039577484e-02</internalNodes>
          <leafValues>
            -2.4779295921325684e-01 9.6067443490028381e-02</leafValues></_>
        <_>
          <internalNodes>
            0 -1 61 4.6306759119033813e-02</internalNodes>
          <leafValues>
            -8.8959805667400360e-02 3.0253434181213379e-01</leafValues></_>
        <_>
          <internalNodes>
            0 -1 178 4.5322284102439880e-02</internalNodes>
          <leafValues>
            7.8506156802177429e-02 -3.2995232939720154e-01</leafValues></_>
        <_>
          <internalNodes>
            0 -1 142 2.5872308760881424e-02</internalNodes>
          <leafValues>
            -1.9128564000129700e-01 1.2886258959770203e-01</leafValues></_>
        <_>
          <internalNodes>
            0 -1 1 3.3987483475357294e-03</internalNodes>
          <leafValues>
            3.9347371459007263e-01 -5.9505201876163483e-02</leafValues></_>
        <_>
          <internalNodes>
            0 -1 134 5.1581945270299911e-02</internalNodes>
          <leafValues>
            -4.3837875127792358e-02 5.1520013809204102e-01</leafValues></_>
        <_>
          <internalNodes>
            0 -1 105 1.8608946353197098e-02</internalNodes>
          <leafValues>
            -2.1862342953681946e-01 1.0225360095500946e-01</leafValues></_>
        <_>
          <internalNodes>
            0 -1 165 2.0898070186376572e-02</internalNodes>
          <leafValues>
            1.4625032246112823e-01 -1.5613181889057159e-01</leafValues></_>
        <_>
          <internalNodes>
            0 -1 166 1.8814526498317719e-02</internalNodes>
          <leafValues>
            1.6482542455196381e-01 -1.4271087944507599e-01</leafValues></_>
        <_>
          <internalNodes>
            0 -1 110 1.2282770127058029e-02</internalNodes>
          <leafValues>
            -2.6268458366394043e-01 8.0781079828739166e-02</leafValues></_></weakClassifiers></_>
    <!-- stage 9 -->
    <_>
      <maxWeakCount>71</maxWeakCount>
      <stageThreshold>-1.4192770719528198e+00</stageThreshold>
      <weakClassifiers>
        <_>
          <internalNodes>
            0 -1 157 5.5615849792957306e-02</internalNodes>
          <leafValues>
            -1.5485043823719025e-01 4.6164861321449280e-01</leafValues></_>
        <_>
          <internalNodes>
            0 -1 170 3.7206985056400299e-02</internalNodes>
          <leafValues>
            -2.6712149381637573e-01 2.9640936851501465e-01</leafValues></_>
        <_>
          <internalNodes>
            0 -1 71 1.0430626571178436e-02</internalNodes>
          <leafValues>
            2.5392037630081177e-01 -3.1813991069793701e-01</leafValues></_>
        <_>
          <internalNodes>
            0 -1 12 4.4857472181320190e-02</internalNodes>
          <leafValues>
            -2.8221404552459717e-01 2.5382938981056213e-01</leafValues></_>
        <_>
          <internalNodes>
            0 -1 5 5.2582204341888428e-02</internalNodes>
          <leafValues>
            -2.4266332387924194e-01 3.2758152484893799e-01</leafValues></_>
        <_>
          <internalNodes>
            0 -1 120 6.4300745725631714e-02</internalNodes>
          <leafValues>
            -1.8312153220176697e-01 3.3907404541969299e-01</leafValues></_>
        <_>
          <internalNodes>
            0 -1 88 1.4766134321689606e-02</internalNodes>
          <leafValues>
            -3.4655901789665222e-01 1.3684652745723724e-01</leafValues></_>
        <_>
          <internalNodes>
            0 -1 126 3.5240188241004944e-02</internalNodes>
          <leafValues>
            -1.6033107042312622e-01 2.7891775965690613e-01</leafValues></_>
        <_>
          <internalNodes>
            0 -1 174 1.9943630322813988e-02</internalNodes>
          <leafValues>
            9.8655074834823608e-02 -4.6169036626815796e-01</leafValues></_>
        <_>
          <internalNodes>
            0 -1 36 6.9812476634979248e-02</internalNodes>
          <leafValues>
            -1.5273526310920715e-01 3.0984917283058167e-01</leafValues></_>
        <_>
          <internalNodes>
            0 -1 106 1.2249885126948357e-02</internalNodes>
          <leafValues>
            -5.1234787702560425e-01 9.8717279732227325e-02</leafValues></_>
        <_>
          <internalNodes>
            0 -1 78 2.5218283757567406e-02</internalNodes>
          <leafValues>
            -2.6712873578071594e-01 1.4943228662014008e-01</leafValues></_>
        <_>
          <internalNodes>
            0 -1 172 3.0898699536919594e-02</internalNodes>
          <leafValues>
            -3.0096939206123352e-01 1.3385646045207977e-01</leafValues></_>
        <_>
          <internalNodes>
            0 -1 51 2.2488951683044434e-02</internalNodes>
          <leafValues>
            -2.5772005319595337e-01 1.4494337141513824e-01</leafValues></_>
        <_>
          <internalNodes>
            0 -1 24 1.5176429413259029e-02</internalNodes>
          <leafValues>
            1.3931471109390259e-01 -3.0889257788658142e-01</leafValues></_>
        <_>
          <internalNodes>
            0 -1 194 1.3206645846366882e-02</internalNodes>
          <leafValues>
            -6.2157785892486572e-01 5.8890081942081451e-02</leafValues></_>
        <_>
          <internalNodes>
            0 -1 80 4.9335718154907227e-02</internalNodes>
          <leafValues>
            -1.3448730111122131e-01 2.7632841467857361e-01</leafValues></_>
        <_>
          <internalNodes>
            0 -1 185 1.5079453587532043e-02</internalNodes>
          <leafValues>
            -6.2078571319580078e-01 5.8111313730478287e-02</leafValues></_>
        <_>
          <internalNodes>
            0 -1 135 1.8198218196630478e-02</internalNodes>
          <leafValues>
            1.5526422858238220e-01 -2.1407517790794373e-01</leafValues></_>
        <_>
          <internalNodes>
            0 -1 9 8.6839497089385986e-03</internalNodes>
          <leafValues>
            -5.2559268474578857e-01 6.2717609107494354e-02</leafValues></_>
        <_>
          <internalNodes>
            0 -1 138 6.4371377229690552e-02</internalNodes>
          <leafValues>
            -5.5885367095470428e-02 6.3133430480957031e-01</leafValues></_>
        <_>
          <internalNodes>
            0 -1 177 4.1403889656066895e-02</internalNodes>
          <leafValues>
            1.2203571945428848e-01 -2.6670011878013611e-01</leafValues></_>
        <_>
          <internalNodes>
            0 -1 154 2.7703393250703812e-02</internalNodes>
          <leafValues>
            -1.9740128517150879e-01 1.6447699069976807e-01</leafValues></_>
        <_>
          <internalNodes>
            0 -1 84 1.9512940198183060e-02</internalNodes>
          <leafValues>
            1.4323550462722778e-01 -2.2315937280654907e-01</leafValues></_>
        <_>
          <internalNodes>
            0 -1 108 3.7171393632888794e-02</internalNodes>
          <leafValues>
            8.3012156188488007e-02 -3.6232212185859680e-01</leafValues></_>
        <_>
          <internalNodes>
            0 -1 130 2.0841881632804871e-02</internalNodes>
          <leafValues>
            -2.3069973289966583e-01 1.2953072786331177e-01</leafValues></_>
        <_>
          <internalNodes>
            0 -1 148 2.2711526602506638e-02</internalNodes>
          <leafValues>
            1.1017450690269470e-01 -2.7735981345176697e-01</leafValues></_>
        <_>
          <internalNodes>
            0 -1 25 1.9318625330924988e-02</internalNodes>
          <leafValues>
            1.1845193803310394e-01 -2.7094000577926636e-01</leafValues></_>
        <_>
          <internalNodes>
            0 -1 102 2.2181862965226173e-02</internalNodes>
          <leafValues>
            8.0969698727130890e-02 -3.9352321624755859e-01</leafValues></_>
        <_>
          <internalNodes>
            0 -1 33 2.3089960217475891e-02</internalNodes>
          <leafValues>
            1.5005713701248169e-01 -2.0262001454830170e-01</leafValues></_>
        <_>
          <internalNodes>
            0 -1 28 8.5851475596427917e-03</internalNodes>
          <leafValues>
            -4.7435051202774048e-01 6.4342185854911804e-02</leafValues></_>
        <_>
          <internalNodes>
            0 -1 93 1.9687931984663010e-02</internalNodes>
          <leafValues>
            1.4104069769382477e-01 -1.9114391505718231e-01</leafValues></_>
        <_>
          <internalNodes>
            0 -1 124 8.9685861021280289e-03</internalNodes>
          <leafValues>
            -5.2131652832031250e-01 4.6547945588827133e-02</leafValues></_>
        <_>
          <internalNodes>
            0 -1 188 1.9514653831720352e-02</internalNodes>
          <leafValues>
            2.7248913049697876e-01 -1.1565729230642319e-01</leafValues></_>
        <_>
          <internalNodes>
            0 -1 62 1.0008794255554676e-02</internalNodes>
          <leafValues>
            -3.7625506520271301e-01 7.4142798781394958e-02</leafValues></_>
        <_>
          <internalNodes>
            0 -1 96 2.2147985175251961e-02</internalNodes>
          <leafValues>
            1.1162380874156952e-01 -2.5826787948608398e-01</leafValues></_>
        <_>
          <internalNodes>
            0 -1 30 2.5541450828313828e-02</internalNodes>
          <leafValues>
            8.8032729923725128e-02 -3.1049448251724243e-01</leafValues></_>
        <_>
          <internalNodes>
            0 -1 162 2.6098264381289482e-02</internalNodes>
          <leafValues>
            7.3756925761699677e-02 -3.0608829855918884e-01</leafValues></_>
        <_>
          <internalNodes>
            0 -1 60 5.2033111453056335e-02</internalNodes>
          <leafValues>
            5.2201904356479645e-02 -4.2679607868194580e-01</leafValues></_>
        <_>
          <internalNodes>
            0 -1 144 3.1583163887262344e-02</internalNodes>
          <leafValues>
            6.0943979769945145e-02 -3.8439857959747314e-01</leafValues></_>
        <_>
          <internalNodes>
            0 -1 73 1.1425795033574104e-02</internalNodes>
          <leafValues>
            1.1299812048673630e-01 -2.2206313908100128e-01</leafValues></_>
        <_>
          <internalNodes>
            0 -1 3 1.6724048182368279e-02</internalNodes>
          <leafValues>
            -3.7026581168174744e-01 6.9175295531749725e-02</leafValues></_>
        <_>
          <internalNodes>
            0 -1 79 9.0590920299291611e-03</internalNodes>
          <leafValues>
            -4.8554438352584839e-01 4.4262781739234924e-02</leafValues></_>
        <_>
          <internalNodes>
            0 -1 20 5.6408848613500595e-02</internalNodes>
          <leafValues>
            -7.9150713980197906e-02 3.0872666835784912e-01</leafValues></_>
        <_>
          <internalNodes>
            0 -1 176 2.6677995920181274e-02</internalNodes>
          <leafValues>
            -2.0742084085941315e-01 1.2103603780269623e-01</leafValues></_>
        <_>
          <internalNodes>
            0 -1 192 1.4064887538552284e-02</internalNodes>
          <leafValues>
            -5.3901731967926025e-01 4.2238011956214905e-02</leafValues></_>
        <_>
          <internalNodes>
            0 -1 146 2.9260901734232903e-02</internalNodes>
          <leafValues>
            6.3421212136745453e-02 -3.3414790034294128e-01</leafValues></_>
        <_>
          <internalNodes>
            0 -1 54 1.4221355319023132e-02</internalNodes>
          <leafValues>
            -2.6665213704109192e-01 8.0465286970138550e-02</leafValues></_>
        <_>
          <internalNodes>
            0 -1 136 8.5763782262802124e-03</internalNodes>
          <leafValues>
            2.2747661173343658e-01 -9.7701251506805420e-02</leafValues></_>
        <_>
          <internalNodes>
            0 -1 167 2.2660927847027779e-02</internalNodes>
          <leafValues>
            1.7780405282974243e-01 -1.3952998816967010e-01</leafValues></_>
        <_>
          <internalNodes>
            0 -1 82 3.6803990602493286e-02</internalNodes>
          <leafValues>
            6.2527917325496674e-02 -3.4228301048278809e-01</leafValues></_>
        <_>
          <internalNodes>
            0 -1 1 5.6932317093014717e-03</internalNodes>
          <leafValues>
            2.8980261087417603e-01 -7.6564304530620575e-02</leafValues></_>
        <_>
          <internalNodes>
            0 -1 11 1.6519844532012939e-02</internalNodes>
          <leafValues>
            1.3512930274009705e-01 -1.6692815721035004e-01</leafValues></_>
        <_>
          <internalNodes>
            0 -1 91 5.9963461011648178e-02</internalNodes>
          <leafValues>
            3.9127100259065628e-02 -5.5237573385238647e-01</leafValues></_>
        <_>
          <internalNodes>
            0 -1 115 1.0591242462396622e-02</internalNodes>
          <leafValues>
            -3.2837328314781189e-01 6.6257268190383911e-02</leafValues></_>
        <_>
          <internalNodes>
            0 -1 49 7.5835153460502625e-02</internalNodes>
          <leafValues>
            -4.3193064630031586e-02 5.2967989444732666e-01</leafValues></_>
        <_>
          <internalNodes>
            0 -1 119 2.9758282005786896e-02</internalNodes>
          <leafValues>
            1.0242115706205368e-01 -2.6715800166130066e-01</leafValues></_>
        <_>
          <internalNodes>
            0 -1 112 1.3080960139632225e-02</internalNodes>
          <leafValues>
            1.3031864166259766e-01 -1.6753953695297241e-01</leafValues></_>
        <_>
          <internalNodes>
            0 -1 59 5.3041700273752213e-02</internalNodes>
          <leafValues>
            3.2198257744312286e-02 -6.4046859741210938e-01</leafValues></_>
        <_>
          <internalNodes>
            0 -1 76 2.1000545471906662e-02</internalNodes>
          <leafValues>
            9.6517078578472137e-02 -2.2637295722961426e-01</leafValues></_>
        <_>
          <internalNodes>
            0 -1 109 1.7882389947772026e-02</internalNodes>
          <leafValues>
            -1.8062786757946014e-01 1.3564150035381317e-01</leafValues></_>
        <_>
          <internalNodes>
            0 -1 161 1.1307665146887302e-02</internalNodes>
          <leafValues>
            -6.1782187223434448e-01 3.5164631903171539e-02</leafValues></_>
        <_>
          <internalNodes>
            0 -1 184 3.7412069737911224e-02</internalNodes>
          <leafValues>
            1.2688319385051727e-01 -1.7751602828502655e-01</leafValues></_>
        <_>
          <internalNodes>
            0 -1 14 1.0384359396994114e-02</internalNodes>
          <leafValues>
            2.0782434940338135e-01 -1.0011716932058334e-01</leafValues></_>
        <_>
          <internalNodes>
            0 -1 38 2.1920563653111458e-02</internalNodes>
          <leafValues>
            -1.6639374196529388e-01 1.3002443313598633e-01</leafValues></_>
        <_>
          <internalNodes>
            0 -1 176 2.3277606815099716e-03</internalNodes>
          <leafValues>
            -8.9920622110366821e-01 2.3011647164821625e-02</leafValues></_>
        <_>
          <internalNodes>
            0 -1 135 8.9240279048681259e-03</internalNodes>
          <leafValues>
            2.0852038264274597e-01 -9.3599885702133179e-02</leafValues></_>
        <_>
          <internalNodes>
            0 -1 90 4.2618263512849808e-02</internalNodes>
          <leafValues>
            -7.1055278182029724e-02 2.7004238963127136e-01</leafValues></_>
        <_>
          <internalNodes>
            0 -1 47 4.5457705855369568e-02</internalNodes>
          <leafValues>
            4.7811195254325867e-02 -4.5000672340393066e-01</leafValues></_>
        <_>
          <internalNodes>
            0 -1 105 9.9056866019964218e-03</internalNodes>
          <leafValues>
            -4.2376586794853210e-01 4.0721751749515533e-02</leafValues></_>
        <_>
          <internalNodes>
            0 -1 100 3.5280473530292511e-02</internalNodes>
          <leafValues>
            6.2741734087467194e-02 -3.0834776163101196e-01</leafValues></_></weakClassifiers></_></stages>
  <features>
    <_>
      <rect>
        0 0 8 8 4</rect></_>
    <_>
      <rect>
        0 0 8 8 13</rect></_>
    <_>
      <rect>
        0 0 8 8 30</rect></_>
    <_>
      <rect>
        0 0 8 8 31</rect></_>
    <_>
      <rect>
        0 8 8 8 12</rect></_>
    <_>
      <rect>
        0 8 8 8 13</rect></_>
    <_>
      <rect>
        0 8 8 8 14</rect></_>
    <_>
      <rect>
        0 12 8 8 7</rect></_>
    <_>
      <rect>
        0 12 8 8 11</rect></_>
    <_>
      <rect>
        0 12 8 8 12</rect></_>
    <_>
      <rect>
        0 16 8 8 20</rect></_>
    <_>
      <rect>
        0 16 8 8 27</rect></_>
    <_>
      <rect>
        0 16 8 8 33</rect></_>
    <_>
      <rect>
        0 20 8 8 20</rect></_>
    <_>
      <rect>
        0 20 8 8 24</rect></_>
    <_>
      <rect>
        0 20 8 8 29</rect></_>
    <_>
      <rect>
        0 20 8 8 30</rect></_>
    <_>
      <rect>
        4 0 8 8 0</rect></_>
    <_>
      <rect>
        4 0 8 8 4</rect></_>
    <_>
      <rect>
        4 0 8 8 5</rect></_>
    <_>
      <rect>
        4 0 8 8 12</rect></_>
    <_>
      <rect>
        4 0 8 8 15</rect></_>
    <_>
      <rect>
        4 0 8 8 17</rect></_>
    <_>
      <rect>
        4 4 8 8 4</rect></_>
    <_>
      <rect>
        4 4 8 8 5</rect></_>
    <_>
      <rect>
        4 4 8 8 17</rect></_>
    <_>
      <rect>
        4 4 8 8 27</rect></_>
    <_>
      <rect>
        4 4 8 8 28</rect></_>
    <_>
      <rect>
        4 8 8 8 15</rect></_>
    <_>
      <rect>
        4 8 8 8 16</rect></_>
    <_>
      <rect>
        4 8 8 8 19</rect></_>
    <_>
      <rect>
        4 8 8 8 29</rect></_>
    <_>
      <rect>
        4 8 8 8 30</rect></_>
    <_>
      <rect>
        4 12 8 8 14</rect></_>
    <_>
      <rect>
        4 12 8 8 17</rect></_>
    <_>
      <rect>
        4 12 8 8 22</rect></_>
    <_>
      <rect>
        4 12 8 8 25</rect></_>
    <_>
      <rect>
        4 12 8 8 29</rect></_>
    <_>
      <rect>
        4 12 8 8 32</rect></_>
    <_>
      <rect>
        4 20 8 8 7</rect></_>
    <_>
      <rect>
        8 0 8 8 9</rect></_>
    <_>
      <rect>
        8 0 8 8 10</rect></_>
    <_>
      <rect>
        8 0 8 8 13</rect></_>
    <_>
      <rect>
        8 0 8 8 17</rect></_>
    <_>
      <rect>
        8 0 8 8 22</rect></_>
    <_>
      <rect>
        8 0 8 8 23</rect></_>
    <_>
      <rect>
        8 4 8 8 17</rect></_>
    <_>
      <rect>
        8 4 8 8 29</rect></_>
    <_>
      <rect>
        8 4 8 8 34</rect></_>
    <_>
      <rect>
        8 4 8 8 35</rect></_>
    <_>
      <rect>
        8 8 8 8 4</rect></_>
    <_>
      <rect>
        8 8 8 8 5</rect></_>
    <_>
      <rect>
        8 8 8 8 23</rect></_>
    <_>
      <rect>
        8 8 8 8 24</rect></_>
    <_>
      <rect>
        8 12 8 8 1</rect></_>
    <_>
      <rect>
        8 12 8 8 2</rect></_>
    <_>
      <rect>
        8 12 8 8 3</rect></_>
    <_>
      <rect>
        8 12 8 8 11</rect></_>
    <_>
      <rect>
        8 12 8 8 16</rect></_>
    <_>
      <rect>
        8 12 8 8 22</rect></_>
    <_>
      <rect>
        8 16 8 8 6</rect></_>
    <_>
      <rect>
        8 16 8 8 13</rect></_>
    <_>
      <rect>
        8 16 8 8 14</rect></_>
    <_>
      <rect>
        8 16 8 8 18</rect></_>
    <_>
      <rect>
        8 16 8 8 24</rect></_>
    <_>
      <rect>
        8 16 8 8 29</rect></_>
    <_>
      <rect>
        8 16 8 8 30</rect></_>
    <_>
      <rect>
        8 16 8 8 35</rect></_>
    <_>
      <rect>
        8 20 8 8 19</rect></_>
    <_>
      <rect>
        8 20 8 8 21</rect></_>
    <_>
      <rect>
        12 0 8 8 3</rect></_>
    <_>
      <rect>
        12 0 8 8 7</rect></_>
    <_>
      <rect>
        12 0 8 8 8</rect></_>
    <_>
      <rect>
        12 0 8 8 10</rect></_>
    <_>
      <rect>
        12 0 8 8 30</rect></_>
    <_>
      <rect>
        12 0 8 8 31</rect></_>
    <_>
      <rect>
        12 4 8 8 0</rect></_>
    <_>
      <rect>
        12 4 8 8 18</rect></_>
    <_>
      <rect>
        12 4 8 8 31</rect></_>
    <_>
      <rect>
        12 8 8 8 11</rect></_>
    <_>
      <rect>
        12 8 8 8 12</rect></_>
    <_>
      <rect>
        12 8 8 8 13</rect></_>
    <_>
      <rect>
        12 8 8 8 24</rect></_>
    <_>
      <rect>
        12 8 8 8 28</rect></_>
    <_>
      <rect>
        12 8 8 8 29</rect></_>
    <_>
      <rect>
        12 12 8 8 4</rect></_>
    <_>
      <rect>
        12 12 8 8 5</rect></_>
    <_>
      <rect>
        12 12 8 8 14</rect></_>
    <_>
      <rect>
        12 12 8 8 21</rect></_>
    <_>
      <rect>
        12 12 8 8 27</rect></_>
    <_>
      <rect>
        12 16 8 8 3</rect></_>
    <_>
      <rect>
        12 16 8 8 10</rect></_>
    <_>
      <rect>
        12 16 8 8 23</rect></_>
    <_>
      <rect>
        12 16 8 8 26</rect></_>
    <_>
      <rect>
        12 16 8 8 28</rect></_>
    <_>
      <rect>
        12 16 8 8 33</rect></_>
    <_>
      <rect>
        12 16 8 8 34</rect></_>
    <_>
      <rect>
        12 20 8 8 32</rect></_>
    <_>
      <rect>
        16 0 8 8 0</rect></_>
    <_>
      <rect>
        16 0 8 8 11</rect></_>
    <_>
      <rect>
        16 4 8 8 6</rect></_>
    <_>
      <rect>
        16 4 8 8 7</rect></_>
    <_>
      <rect>
        16 4 8 8 11</rect></_>
    <_>
      <rect>
        16 4 8 8 12</rect></_>
    <_>
      <rect>
        16 4 8 8 16</rect></_>
    <_>
      <rect>
        16 4 8 8 24</rect></_>
    <_>
      <rect>
        16 4 8 8 25</rect></_>
    <_>
      <rect>
        16 4 8 8 26</rect></_>
    <_>
      <rect>
        16 4 8 8 33</rect></_>
    <_>
      <rect>
        16 8 8 8 0</rect></_>
    <_>
      <rect>
        16 8 8 8 1</rect></_>
    <_>
      <rect>
        16 8 8 8 23</rect></_>
    <_>
      <rect>
        16 8 8 8 31</rect></_>
    <_>
      <rect>
        16 12 8 8 6</rect></_>
    <_>
      <rect>
        16 12 8 8 7</rect></_>
    <_>
      <rect>
        16 12 8 8 19</rect></_>
    <_>
      <rect>
        16 12 8 8 27</rect></_>
    <_>
      <rect>
        16 12 8 8 30</rect></_>
    <_>
      <rect>
        16 16 8 8 4</rect></_>
    <_>
      <rect>
        16 20 8 8 8</rect></_>
    <_>
      <rect>
        16 20 8 8 9</rect></_>
    <_>
      <rect>
        16 20 8 8 12</rect></_>
    <_>
      <rect>
        16 20 8 8 13</rect></_>
    <_>
      <rect>
        16 20 8 8 31</rect></_>
    <_>
      <rect>
        20 0 8 8 21</rect></_>
    <_>
      <rect>
        20 0 8 8 26</rect></_>
    <_>
      <rect>
        20 8 8 8 2</rect></_>
    <_>
      <rect>
        20 8 8 8 3</rect></_>
    <_>
      <rect>
        20 8 8 8 4</rect></_>
    <_>
      <rect>
        20 8 8 8 32</rect></_>
    <_>
      <rect>
        20 12 8 8 5</rect></_>
    <_>
      <rect>
        20 16 8 8 9</rect></_>
    <_>
      <rect>
        20 16 8 8 15</rect></_>
    <_>
      <rect>
        20 16 8 8 19</rect></_>
    <_>
      <rect>
        20 16 8 8 32</rect></_>
    <_>
      <rect>
        20 20 8 8 22</rect></_>
    <_>
      <rect>
        20 20 8 8 28</rect></_>
    <_>
      <rect>
        20 20 8 8 29</rect></_>
    <_>
      <rect>
        20 20 8 8 32</rect></_>
    <_>
      <rect>
        0 0 8 16 0</rect></_>
    <_>
      <rect>
        0 0 8 16 3</rect></_>
    <_>
      <rect>
        0 0 8 16 4</rect></_>
    <_>
      <rect>
        0 0 8 16 11</rect></_>
    <_>
      <rect>
        0 4 8 16 8</rect></_>
    <_>
      <rect>
        0 4 8 16 30</rect></_>
    <_>
      <rect>
        4 0 8 16 0</rect></_>
    <_>
      <rect>
        4 0 8 16 6</rect></_>
    <_>
      <rect>
        4 0 8 16 21</rect></_>
    <_>
      <rect>
        4 0 8 16 22</rect></_>
    <_>
      <rect>
        4 0 8 16 25</rect></_>
    <_>
      <rect>
        4 0 8 16 35</rect></_>
    <_>
      <rect>
        4 4 8 16 22</rect></_>
    <_>
      <rect>
        4 4 8 16 32</rect></_>
    <_>
      <rect>
        8 4 8 16 29</rect></_>
    <_>
      <rect>
        12 4 8 16 22</rect></_>
    <_>
      <rect>
        12 4 8 16 23</rect></_>
    <_>
      <rect>
        16 0 8 16 12</rect></_>
    <_>
      <rect>
        16 0 8 16 16</rect></_>
    <_>
      <rect>
        16 0 8 16 27</rect></_>
    <_>
      <rect>
        16 4 8 16 20</rect></_>
    <_>
      <rect>
        16 4 8 16 21</rect></_>
    <_>
      <rect>
        16 4 8 16 27</rect></_>
    <_>
      <rect>
        16 4 8 16 30</rect></_>
    <_>
      <rect>
        20 0 8 16 5</rect></_>
    <_>
      <rect>
        20 0 8 16 12</rect></_>
    <_>
      <rect>
        20 0 8 16 22</rect></_>
    <_>
      <rect>
        20 0 8 16 25</rect></_>
    <_>
      <rect>
        20 4 8 16 8</rect></_>
    <_>
      <rect>
        20 4 8 16 13</rect></_>
    <_>
      <rect>
        20 4 8 16 17</rect></_>
    <_>
      <rect>
        0 0 16 8 0</rect></_>
    <_>
      <rect>
        0 0 16 8 6</rect></_>
    <_>
      <rect>
        0 4 16 8 35</rect></_>
    <_>
      <rect>
        0 12 16 8 9</rect></_>
    <_>
      <rect>
        4 0 16 8 10</rect></_>
    <_>
      <rect>
        4 0 16 8 11</rect></_>
    <_>
      <rect>
        4 0 16 8 16</rect></_>
    <_>
      <rect>
        4 0 16 8 22</rect></_>
    <_>
      <rect>
        4 0 16 8 33</rect></_>
    <_>
      <rect>
        4 4 16 8 16</rect></_>
    <_>
      <rect>
        4 4 16 8 25</rect></_>
    <_>
      <rect>
        4 12 16 8 7</rect></_>
    <_>
      <rect>
        4 12 16 8 8</rect></_>
    <_>
      <rect>
        4 12 16 8 24</rect></_>
    <_>
      <rect>
        4 20 16 8 17</rect></_>
    <_>
      <rect>
        0 0 16 16 0</rect></_>
    <_>
      <rect>
        0 0 16 16 16</rect></_>
    <_>
      <rect>
        0 0 16 16 25</rect></_>
    <_>
      <rect>
        0 4 16 16 13</rect></_>
    <_>
      <rect>
        0 4 16 16 25</rect></_>
    <_>
      <rect>
        0 4 16 16 29</rect></_>
    <_>
      <rect>
        4 0 16 16 0</rect></_>
    <_>
      <rect>
        4 0 16 16 24</rect></_>
    <_>
      <rect>
        4 0 16 16 27</rect></_>
    <_>
      <rect>
        4 0 16 16 28</rect></_>
    <_>
      <rect>
        4 4 16 16 3</rect></_>
    <_>
      <rect>
        4 4 16 16 24</rect></_></features></cascade>
</opencv_storage>
